nb_init_infected,density_ref_contact,init_all_ages_successful_contact_rate_human,init_all_ages_factor_contact_rate_asymptomatic,init_all_ages_proportion_asymptomatic,init_all_ages_proportion_hospitalisation,init_all_ages_proportion_icu,init_all_ages_proportion_dead_symptomatic,nb_dead,nb_recovered,nb_susceptibles,nb_infectious,nb_infected,step_max_peak,step_end_epidemiology
2345,140.15625,0.70271875,0.54678125,0.14134375,0.92103125,0.79628125,0.67153125,870646,143365,0,0,0,184,1248
49219,140.15625,0.70271875,0.54678125,0.14134375,0.92103125,0.79628125,0.67153125,870737,143274,0,0,0,138,1248
2345,32.96875,0.70271875,0.54678125,0.14134375,0.92103125,0.79628125,0.67153125,870506,143505,0,0,0,251,1488
2345,140.15625,0.39084375,0.54678125,0.14134375,0.92103125,0.79628125,0.67153125,870754,143257,0,0,0,200,1296
2345,140.15625,0.70271875,0.95221875,0.14134375,0.92103125,0.79628125,0.67153125,870681,143330,0,0,0,159,1416
2345,140.15625,0.70271875,0.54678125,0.45321875,0.92103125,0.79628125,0.67153125,554499,459512,0,0,0,179,1272
2345,140.15625,0.70271875,0.54678125,0.14134375,0.98340625,0.79628125,0.67153125,870634,143377,0,0,0,180,1368
2345,140.15625,0.70271875,0.54678125,0.14134375,0.92103125,0.98340625,0.67153125,870708,143303,0,0,0,178,1248
2345,140.15625,0.70271875,0.54678125,0.14134375,0.92103125,0.79628125,0.11015625,143868,870143,0,0,0,177,1200
2345,32.96875,0.39084375,0.95221875,0.45321875,0.98340625,0.98340625,0.11015625,91639,922372,0,0,0,254,1272
49219,140.15625,0.39084375,0.95221875,0.45321875,0.98340625,0.98340625,0.11015625,91592,922419,0,0,0,137,1200
49219,32.96875,0.70271875,0.95221875,0.45321875,0.98340625,0.98340625,0.11015625,91596,922415,0,0,0,162,1200
49219,32.96875,0.39084375,0.54678125,0.45321875,0.98340625,0.98340625,0.11015625,91608,922403,0,0,0,226,1320
49219,32.96875,0.39084375,0.95221875,0.14134375,0.98340625,0.98340625,0.11015625,143875,870136,0,0,0,201,1296
49219,32.96875,0.39084375,0.95221875,0.45321875,0.92103125,0.98340625,0.11015625,91631,922380,0,0,0,200,1392
49219,32.96875,0.39084375,0.95221875,0.45321875,0.98340625,0.79628125,0.11015625,91639,922372,0,0,0,201,1248
49219,32.96875,0.39084375,0.95221875,0.45321875,0.98340625,0.98340625,0.67153125,554390,459621,0,0,0,201,1272
49219,32.96875,0.39084375,0.95221875,0.45321875,0.98340625,0.98340625,0.11015625,91615,922396,0,0,0,203,1080
27344,385.15625,0.20371875,0.04778125,0.64034375,0.42203125,0.29728125,0.17253125,94399,919612,0,0,0,234,1344
24219,385.15625,0.20371875,0.04778125,0.64034375,0.42203125,0.29728125,0.17253125,94371,919640,0,0,0,228,1584
27344,277.96875,0.20371875,0.04778125,0.64034375,0.42203125,0.29728125,0.17253125,94327,919684,0,0,0,250,1296
27344,385.15625,0.88984375,0.04778125,0.64034375,0.42203125,0.29728125,0.17253125,94465,919546,0,0,0,179,1248
27344,385.15625,0.20371875,0.45321875,0.64034375,0.42203125,0.29728125,0.17253125,94286,919725,0,0,0,159,1176
27344,385.15625,0.20371875,0.04778125,0.95221875,0.42203125,0.29728125,0.17253125,12573,1001438,0,0,0,278,1248
27344,385.15625,0.20371875,0.04778125,0.64034375,0.48440625,0.29728125,0.17253125,94421,919590,0,0,0,230,1656
27344,385.15625,0.20371875,0.04778125,0.64034375,0.42203125,0.48440625,0.17253125,94323,919688,0,0,0,225,1320
27344,385.15625,0.20371875,0.04778125,0.64034375,0.42203125,0.29728125,0.60915625,333522,680489,0,0,0,226,1248
27344,277.96875,0.88984375,0.45321875,0.95221875,0.48440625,0.48440625,0.60915625,44361,969650,0,0,0,133,1152
24219,385.15625,0.88984375,0.45321875,0.95221875,0.48440625,0.48440625,0.60915625,44227,969784,0,0,0,128,1128
24219,277.96875,0.20371875,0.45321875,0.95221875,0.48440625,0.48440625,0.60915625,44310,969701,0,0,0,179,1272
24219,277.96875,0.88984375,0.04778125,0.95221875,0.48440625,0.48440625,0.60915625,44398,969613,0,0,0,209,1248
24219,277.96875,0.88984375,0.45321875,0.64034375,0.48440625,0.48440625,0.60915625,333325,680686,0,0,0,136,1488
24219,277.96875,0.88984375,0.45321875,0.95221875,0.42203125,0.48440625,0.60915625,44269,969742,0,0,0,133,1200
24219,277.96875,0.88984375,0.45321875,0.95221875,0.48440625,0.29728125,0.60915625,44309,969702,0,0,0,134,1152
24219,277.96875,0.88984375,0.45321875,0.95221875,0.48440625,0.48440625,0.17253125,12537,1001474,0,0,0,131,1248
24219,277.96875,0.88984375,0.45321875,0.95221875,0.48440625,0.48440625,0.60915625,44154,969857,0,0,0,136,1392
39844,17.65625,0.95221875,0.79628125,0.88984375,0.17253125,0.54678125,0.42203125,70667,943344,0,0,0,205,1320
11720,17.65625,0.95221875,0.79628125,0.88984375,0.17253125,0.54678125,0.42203125,70618,943393,0,0,0,226,1272
39844,400.46875,0.95221875,0.79628125,0.88984375,0.17253125,0.54678125,0.42203125,70644,943367,0,0,0,106,1152
39844,17.65625,0.64034375,0.79628125,0.88984375,0.17253125,0.54678125,0.42203125,70684,943327,0,0,0,212,1248
39844,17.65625,0.95221875,0.20371875,0.88984375,0.17253125,0.54678125,0.42203125,70579,943432,0,0,0,273,1224
39844,17.65625,0.95221875,0.79628125,0.20371875,0.17253125,0.54678125,0.42203125,511159,502852,0,0,0,182,1224
39844,17.65625,0.95221875,0.79628125,0.88984375,0.73390625,0.54678125,0.42203125,70701,943310,0,0,0,206,1512
39844,17.65625,0.95221875,0.79628125,0.88984375,0.17253125,0.23490625,0.42203125,70817,943194,0,0,0,204,1176
39844,17.65625,0.95221875,0.79628125,0.88984375,0.17253125,0.54678125,0.35965625,60306,953705,0,0,0,186,1416
39844,400.46875,0.64034375,0.20371875,0.20371875,0.73390625,0.23490625,0.35965625,435669,578342,0,0,0,136,1128
11720,17.65625,0.64034375,0.20371875,0.20371875,0.73390625,0.23490625,0.35965625,435639,578372,0,0,0,300,1296
11720,400.46875,0.95221875,0.20371875,0.20371875,0.73390625,0.23490625,0.35965625,435613,578398,0,0,0,154,1272
11720,400.46875,0.64034375,0.79628125,0.20371875,0.73390625,0.23490625,0.35965625,435543,578468,0,0,0,125,1272
11720,400.46875,0.64034375,0.20371875,0.88984375,0.73390625,0.23490625,0.35965625,60248,953763,0,0,0,159,1272
11720,400.46875,0.64034375,0.20371875,0.20371875,0.17253125,0.23490625,0.35965625,435611,578400,0,0,0,146,1176
11720,400.46875,0.64034375,0.20371875,0.20371875,0.73390625,0.54678125,0.35965625,435572,578439,0,0,0,159,1200
11720,400.46875,0.64034375,0.20371875,0.20371875,0.73390625,0.23490625,0.42203125,511143,502868,0,0,0,160,1104
11720,400.46875,0.64034375,0.20371875,0.20371875,0.73390625,0.23490625,0.35965625,435600,578411,0,0,0,153,1464
14844,262.65625,0.45321875,0.29728125,0.39084375,0.67153125,0.04778125,0.92103125,617756,396255,0,0,0,177,1296
36719,262.65625,0.45321875,0.29728125,0.39084375,0.67153125,0.04778125,0.92103125,617601,396410,0,0,0,155,1224
14844,155.46875,0.45321875,0.29728125,0.39084375,0.67153125,0.04778125,0.92103125,617878,396133,0,0,0,180,1584
14844,262.65625,0.14134375,0.29728125,0.39084375,0.67153125,0.04778125,0.92103125,617772,396239,0,0,0,227,1248
14844,262.65625,0.45321875,0.70271875,0.39084375,0.67153125,0.04778125,0.92103125,617431,396580,0,0,0,138,1248
14844,262.65625,0.45321875,0.29728125,0.70271875,0.67153125,0.04778125,0.92103125,301451,712560,0,0,0,160,1200
14844,262.65625,0.45321875,0.29728125,0.39084375,0.23490625,0.04778125,0.92103125,617730,396281,0,0,0,169,1128
14844,262.65625,0.45321875,0.29728125,0.39084375,0.67153125,0.73390625,0.92103125,617552,396459,0,0,0,160,1416
14844,262.65625,0.45321875,0.29728125,0.39084375,0.67153125,0.04778125,0.85865625,617609,396402,0,0,0,159,1368
14844,155.46875,0.14134375,0.70271875,0.70271875,0.23490625,0.73390625,0.85865625,301432,712579,0,0,0,205,1368
36719,262.65625,0.14134375,0.70271875,0.70271875,0.23490625,0.73390625,0.85865625,301510,712501,0,0,0,175,1200
36719,155.46875,0.45321875,0.70271875,0.70271875,0.23490625,0.73390625,0.85865625,301364,712647,0,0,0,157,1272
36719,155.46875,0.14134375,0.29728125,0.70271875,0.23490625,0.73390625,0.85865625,301526,712485,0,0,0,229,1272
36719,155.46875,0.14134375,0.70271875,0.39084375,0.23490625,0.73390625,0.85865625,617835,396176,0,0,0,183,1416
36719,155.46875,0.14134375,0.70271875,0.70271875,0.67153125,0.73390625,0.85865625,301337,712674,0,0,0,182,1320
36719,155.46875,0.14134375,0.70271875,0.70271875,0.23490625,0.04778125,0.85865625,301293,712718,0,0,0,188,1368
36719,155.46875,0.14134375,0.70271875,0.70271875,0.23490625,0.73390625,0.92103125,301365,712646,0,0,0,202,1488
36719,155.46875,0.14134375,0.70271875,0.70271875,0.23490625,0.73390625,0.85865625,301598,712413,0,0,0,200,1200
21094,78.90625,0.07896875,0.42203125,0.26609375,0.79628125,0.67153125,0.29728125,331894,682117,0,0,0,327,1464
5470,78.90625,0.07896875,0.42203125,0.26609375,0.79628125,0.67153125,0.29728125,331855,682156,0,0,0,350,1416
21094,339.21875,0.07896875,0.42203125,0.26609375,0.79628125,0.67153125,0.29728125,331941,682070,0,0,0,204,1176
21094,78.90625,0.51559375,0.42203125,0.26609375,0.79628125,0.67153125,0.29728125,331753,682258,0,0,0,183,1272
21094,78.90625,0.07896875,0.57796875,0.26609375,0.79628125,0.67153125,0.29728125,331931,682080,0,0,0,279,1392
21094,78.90625,0.07896875,0.42203125,0.07896875,0.79628125,0.67153125,0.29728125,416424,597587,0,0,0,303,1464
21094,78.90625,0.07896875,0.42203125,0.26609375,0.35965625,0.67153125,0.29728125,331851,682160,0,0,0,281,1272
21094,78.90625,0.07896875,0.42203125,0.26609375,0.79628125,0.60915625,0.29728125,331961,682050,0,0,0,304,1368
21094,78.90625,0.07896875,0.42203125,0.26609375,0.79628125,0.67153125,0.98340625,744052,269959,0,0,0,305,1320
21094,339.21875,0.51559375,0.57796875,0.07896875,0.35965625,0.60915625,0.98340625,933972,80039,0,0,0,133,1176
5470,78.90625,0.51559375,0.57796875,0.07896875,0.35965625,0.60915625,0.98340625,933862,80149,0,0,0,202,1320
5470,339.21875,0.07896875,0.57796875,0.07896875,0.35965625,0.60915625,0.98340625,933877,80134,0,0,0,224,1224
5470,339.21875,0.51559375,0.42203125,0.07896875,0.35965625,0.60915625,0.98340625,933853,80158,0,0,0,158,1416
5470,339.21875,0.51559375,0.57796875,0.26609375,0.35965625,0.60915625,0.98340625,744253,269758,0,0,0,154,1152
5470,339.21875,0.51559375,0.57796875,0.07896875,0.79628125,0.60915625,0.98340625,934045,79966,0,0,0,153,1224
5470,339.21875,0.51559375,0.57796875,0.07896875,0.35965625,0.67153125,0.98340625,933949,80062,0,0,0,151,1272
5470,339.21875,0.51559375,0.57796875,0.07896875,0.35965625,0.60915625,0.29728125,416445,597566,0,0,0,155,1344
5470,339.21875,0.51559375,0.57796875,0.07896875,0.35965625,0.60915625,0.98340625,933975,80036,0,0,0,153,1128
46094,323.90625,0.57796875,0.92103125,0.76509375,0.29728125,0.17253125,0.79628125,238125,775886,0,0,0,114,1176
30469,323.90625,0.57796875,0.92103125,0.76509375,0.29728125,0.17253125,0.79628125,238111,775900,0,0,0,128,1152
46094,94.21875,0.57796875,0.92103125,0.76509375,0.29728125,0.17253125,0.79628125,238126,775885,0,0,0,136,1200
46094,323.90625,0.01659375,0.92103125,0.76509375,0.29728125,0.17253125,0.79628125,238562,775449,0,0,0,258,1224
46094,323.90625,0.57796875,0.07896875,0.76509375,0.29728125,0.17253125,0.79628125,238073,775938,0,0,0,181,1272
46094,323.90625,0.57796875,0.92103125,0.57796875,0.29728125,0.17253125,0.79628125,428129,585882,0,0,0,111,1200
46094,323.90625,0.57796875,0.92103125,0.76509375,0.85865625,0.17253125,0.79628125,238188,775823,0,0,0,114,1128
46094,323.90625,0.57796875,0.92103125,0.76509375,0.29728125,0.11015625,0.79628125,238283,775728,0,0,0,129,1200
46094,323.90625,0.57796875,0.92103125,0.76509375,0.29728125,0.17253125,0.48440625,172998,841013,0,0,0,113,1176
46094,94.21875,0.01659375,0.07896875,0.57796875,0.85865625,0.11015625,0.48440625,311188,702823,0,0,0,503,1656
30469,323.90625,0.01659375,0.07896875,0.57796875,0.85865625,0.11015625,0.48440625,310964,703047,0,0,0,418,1368
30469,94.21875,0.57796875,0.07896875,0.57796875,0.85865625,0.11015625,0.48440625,311037,702974,0,0,0,224,1392
30469,94.21875,0.01659375,0.92103125,0.57796875,0.85865625,0.11015625,0.48440625,310910,703101,0,0,0,377,1560
30469,94.21875,0.01659375,0.07896875,0.76509375,0.85865625,0.11015625,0.48440625,173000,841011,0,0,0,527,1680
30469,94.21875,0.01659375,0.07896875,0.57796875,0.29728125,0.11015625,0.48440625,311073,702938,0,0,0,503,1560
30469,94.21875,0.01659375,0.07896875,0.57796875,0.85865625,0.17253125,0.48440625,310994,703017,0,0,0,526,1608
30469,94.21875,0.01659375,0.07896875,0.57796875,0.85865625,0.11015625,0.79628125,427773,586238,0,0,0,527,1656
30469,94.21875,0.01659375,0.07896875,0.57796875,0.85865625,0.11015625,0.48440625,310975,703036,0,0,0,503,1560
33594,201.40625,0.32846875,0.17253125,0.51559375,0.04778125,0.92103125,0.54678125,403033,610978,0,0,0,202,1344
42969,201.40625,0.32846875,0.17253125,0.51559375,0.04778125,0.92103125,0.54678125,402970,611041,0,0,0,181,1176
33594,216.71875,0.32846875,0.17253125,0.51559375,0.04778125,0.92103125,0.54678125,402795,611216,0,0,0,200,1296
33594,201.40625,0.26609375,0.17253125,0.51559375,0.04778125,0.92103125,0.54678125,402883,611128,0,0,0,207,1272
33594,201.40625,0.32846875,0.32846875,0.51559375,0.04778125,0.92103125,0.54678125,402691,611320,0,0,0,173,1272
33594,201.40625,0.32846875,0.17253125,0.32846875,0.04778125,0.92103125,0.54678125,558662,455349,0,0,0,186,1248
33594,201.40625,0.32846875,0.17253125,0.51559375,0.11015625,0.92103125,0.54678125,402819,611192,0,0,0,200,1320
33594,201.40625,0.32846875,0.17253125,0.51559375,0.04778125,0.35965625,0.54678125,402702,611309,0,0,0,186,1272
33594,201.40625,0.32846875,0.17253125,0.51559375,0.04778125,0.92103125,0.73390625,491152,522859,0,0,0,182,1560
33594,216.71875,0.26609375,0.32846875,0.32846875,0.11015625,0.35965625,0.73390625,681038,332973,0,0,0,179,1296
42969,201.40625,0.26609375,0.32846875,0.32846875,0.11015625,0.35965625,0.73390625,681067,332944,0,0,0,177,1224
42969,216.71875,0.32846875,0.32846875,0.32846875,0.11015625,0.35965625,0.73390625,680943,333068,0,0,0,176,1176
42969,216.71875,0.26609375,0.17253125,0.32846875,0.11015625,0.35965625,0.73390625,681073,332938,0,0,0,186,1176
42969,216.71875,0.26609375,0.32846875,0.51559375,0.11015625,0.35965625,0.73390625,491278,522733,0,0,0,159,1176
42969,216.71875,0.26609375,0.32846875,0.32846875,0.04778125,0.35965625,0.73390625,680945,333066,0,0,0,176,1392
42969,216.71875,0.26609375,0.32846875,0.32846875,0.11015625,0.92103125,0.73390625,680707,333304,0,0,0,181,1200
42969,216.71875,0.26609375,0.32846875,0.32846875,0.11015625,0.35965625,0.54678125,558662,455349,0,0,0,168,1272
42969,216.71875,0.26609375,0.32846875,0.32846875,0.11015625,0.35965625,0.73390625,680919,333092,0,0,0,177,1176
8595,446.40625,0.82746875,0.67153125,0.01659375,0.54678125,0.42203125,0.04778125,71476,942535,0,0,0,129,1272
17969,446.40625,0.82746875,0.67153125,0.01659375,0.54678125,0.42203125,0.04778125,71458,942553,0,0,0,128,1296
8595,461.71875,0.82746875,0.67153125,0.01659375,0.54678125,0.42203125,0.04778125,71501,942510,0,0,0,134,1176
8595,446.40625,0.76509375,0.67153125,0.01659375,0.54678125,0.42203125,0.04778125,71426,942585,0,0,0,131,1176
8595,446.40625,0.82746875,0.82746875,0.01659375,0.54678125,0.42203125,0.04778125,71460,942551,0,0,0,131,1248
8595,446.40625,0.82746875,0.67153125,0.82746875,0.54678125,0.42203125,0.04778125,12569,1001442,0,0,0,131,1296
8595,446.40625,0.82746875,0.67153125,0.01659375,0.60915625,0.42203125,0.04778125,71435,942576,0,0,0,136,1224
8595,446.40625,0.82746875,0.67153125,0.01659375,0.54678125,0.85865625,0.04778125,71423,942588,0,0,0,131,1200
8595,446.40625,0.82746875,0.67153125,0.01659375,0.54678125,0.42203125,0.23490625,351396,662615,0,0,0,131,1176
8595,461.71875,0.76509375,0.82746875,0.82746875,0.60915625,0.85865625,0.23490625,61636,952375,0,0,0,132,1368
17969,446.40625,0.76509375,0.82746875,0.82746875,0.60915625,0.85865625,0.23490625,61686,952325,0,0,0,127,1152
17969,461.71875,0.82746875,0.82746875,0.82746875,0.60915625,0.85865625,0.23490625,61650,952361,0,0,0,110,1560
17969,461.71875,0.76509375,0.67153125,0.82746875,0.60915625,0.85865625,0.23490625,61627,952384,0,0,0,111,1152
17969,461.71875,0.76509375,0.82746875,0.01659375,0.60915625,0.85865625,0.23490625,351374,662637,0,0,0,126,1320
17969,461.71875,0.76509375,0.82746875,0.82746875,0.54678125,0.85865625,0.23490625,61608,952403,0,0,0,113,1368
17969,461.71875,0.76509375,0.82746875,0.82746875,0.60915625,0.42203125,0.23490625,61601,952410,0,0,0,111,1296
17969,461.71875,0.76509375,0.82746875,0.82746875,0.60915625,0.85865625,0.04778125,12524,1001487,0,0,0,112,1176
17969,461.71875,0.76509375,0.82746875,0.82746875,0.60915625,0.85865625,0.23490625,61627,952384,0,0,0,113,1200
11720,48.28125,0.26609375,0.98340625,0.70271875,0.73390625,0.73390625,0.35965625,162684,851327,0,0,0,226,1416
2345,48.28125,0.26609375,0.98340625,0.70271875,0.73390625,0.73390625,0.35965625,162701,851310,0,0,0,251,1224
11720,186.09375,0.26609375,0.98340625,0.70271875,0.73390625,0.73390625,0.35965625,162651,851360,0,0,0,157,1200
11720,48.28125,0.82746875,0.98340625,0.70271875,0.73390625,0.73390625,0.35965625,162599,851412,0,0,0,177,1272
11720,48.28125,0.26609375,0.88984375,0.70271875,0.73390625,0.73390625,0.35965625,162636,851375,0,0,0,230,1296
11720,48.28125,0.26609375,0.98340625,0.51559375,0.73390625,0.73390625,0.35965625,264930,749081,0,0,0,231,1272
11720,48.28125,0.26609375,0.98340625,0.70271875,0.04778125,0.73390625,0.35965625,162590,851421,0,0,0,228,1464
11720,48.28125,0.26609375,0.98340625,0.70271875,0.73390625,0.17253125,0.35965625,162697,851314,0,0,0,225,1272
11720,48.28125,0.26609375,0.98340625,0.70271875,0.73390625,0.73390625,0.92103125,301388,712623,0,0,0,229,1176
11720,186.09375,0.82746875,0.88984375,0.51559375,0.04778125,0.17253125,0.92103125,491095,522916,0,0,0,130,1416
2345,48.28125,0.82746875,0.88984375,0.51559375,0.04778125,0.17253125,0.92103125,491080,522931,0,0,0,202,1584
2345,186.09375,0.26609375,0.88984375,0.51559375,0.04778125,0.17253125,0.92103125,491087,522924,0,0,0,181,1344
2345,186.09375,0.82746875,0.98340625,0.51559375,0.04778125,0.17253125,0.92103125,491229,522782,0,0,0,153,1152
2345,186.09375,0.82746875,0.88984375,0.70271875,0.04778125,0.17253125,0.92103125,301498,712513,0,0,0,148,1320
2345,186.09375,0.82746875,0.88984375,0.51559375,0.73390625,0.17253125,0.92103125,491116,522895,0,0,0,138,1200
2345,186.09375,0.82746875,0.88984375,0.51559375,0.04778125,0.73390625,0.92103125,491244,522767,0,0,0,138,1176
2345,186.09375,0.82746875,0.88984375,0.51559375,0.04778125,0.17253125,0.35965625,264976,749035,0,0,0,138,1272
2345,186.09375,0.82746875,0.88984375,0.51559375,0.04778125,0.17253125,0.92103125,491171,522840,0,0,0,157,1248
36719,293.28125,0.76509375,0.48440625,0.20371875,0.23490625,0.23490625,0.85865625,807523,206488,0,0,0,135,1248
27344,293.28125,0.76509375,0.48440625,0.20371875,0.23490625,0.23490625,0.85865625,807523,206488,0,0,0,128,1200
36719,431.09375,0.76509375,0.48440625,0.20371875,0.23490625,0.23490625,0.85865625,807241,206770,0,0,0,114,1128
36719,293.28125,0.32846875,0.48440625,0.20371875,0.23490625,0.23490625,0.85865625,807241,206770,0,0,0,136,1200
36719,293.28125,0.76509375,0.39084375,0.20371875,0.23490625,0.23490625,0.85865625,807314,206697,0,0,0,130,1176
36719,293.28125,0.76509375,0.48440625,0.01659375,0.23490625,0.23490625,0.85865625,997227,16784,0,0,0,131,1224
36719,293.28125,0.76509375,0.48440625,0.20371875,0.54678125,0.23490625,0.85865625,807322,206689,0,0,0,131,1368
36719,293.28125,0.76509375,0.48440625,0.20371875,0.23490625,0.67153125,0.85865625,807431,206580,0,0,0,118,1248
36719,293.28125,0.76509375,0.48440625,0.20371875,0.23490625,0.23490625,0.42203125,511208,502803,0,0,0,131,1176
36719,431.09375,0.32846875,0.39084375,0.01659375,0.54678125,0.67153125,0.42203125,631205,382806,0,0,0,133,1152
27344,293.28125,0.32846875,0.39084375,0.01659375,0.54678125,0.67153125,0.42203125,631299,382712,0,0,0,157,1176
27344,431.09375,0.76509375,0.39084375,0.01659375,0.54678125,0.67153125,0.42203125,631240,382771,0,0,0,130,1440
27344,431.09375,0.32846875,0.48440625,0.01659375,0.54678125,0.67153125,0.42203125,631241,382770,0,0,0,155,1200
27344,431.09375,0.32846875,0.39084375,0.20371875,0.54678125,0.67153125,0.42203125,511167,502844,0,0,0,138,1152
27344,431.09375,0.32846875,0.39084375,0.01659375,0.23490625,0.67153125,0.42203125,631331,382680,0,0,0,153,1152
27344,431.09375,0.32846875,0.39084375,0.01659375,0.54678125,0.23490625,0.42203125,631321,382690,0,0,0,152,1320
27344,431.09375,0.32846875,0.39084375,0.01659375,0.54678125,0.67153125,0.85865625,997298,16713,0,0,0,153,1200
27344,431.09375,0.32846875,0.39084375,0.01659375,0.54678125,0.67153125,0.42203125,631277,382734,0,0,0,136,1152
49219,170.78125,0.01659375,0.73390625,0.45321875,0.48440625,0.98340625,0.60915625,506831,507180,0,0,0,322,1248
39844,170.78125,0.01659375,0.73390625,0.45321875,0.48440625,0.98340625,0.60915625,506452,507559,0,0,0,350,1296
49219,308.59375,0.01659375,0.73390625,0.45321875,0.48440625,0.98340625,0.60915625,506711,507300,0,0,0,271,1368
49219,170.78125,0.07896875,0.73390625,0.45321875,0.48440625,0.98340625,0.60915625,506670,507341,0,0,0,226,1224
49219,170.78125,0.01659375,0.14134375,0.45321875,0.48440625,0.98340625,0.60915625,506697,507314,0,0,0,431,1560
49219,170.78125,0.01659375,0.73390625,0.76509375,0.48440625,0.98340625,0.60915625,217874,796137,0,0,0,327,1416
49219,170.78125,0.01659375,0.73390625,0.45321875,0.29728125,0.98340625,0.60915625,506456,507555,0,0,0,323,1296
49219,170.78125,0.01659375,0.73390625,0.45321875,0.48440625,0.92103125,0.60915625,506797,507214,0,0,0,305,1320
49219,170.78125,0.01659375,0.73390625,0.45321875,0.48440625,0.98340625,0.67153125,554379,459632,0,0,0,304,1272
49219,308.59375,0.07896875,0.14134375,0.76509375,0.29728125,0.92103125,0.67153125,238241,775770,0,0,0,258,1320
39844,170.78125,0.07896875,0.14134375,0.76509375,0.29728125,0.92103125,0.67153125,238147,775864,0,0,0,325,1320
39844,308.59375,0.01659375,0.14134375,0.76509375,0.29728125,0.92103125,0.67153125,238195,775816,0,0,0,379,1392
39844,308.59375,0.07896875,0.73390625,0.76509375,0.29728125,0.92103125,0.67153125,238308,775703,0,0,0,181,1224
39844,308.59375,0.07896875,0.14134375,0.45321875,0.29728125,0.92103125,0.67153125,554634,459377,0,0,0,248,1296
39844,308.59375,0.07896875,0.14134375,0.76509375,0.48440625,0.92103125,0.67153125,238351,775660,0,0,0,272,1368
39844,308.59375,0.07896875,0.14134375,0.76509375,0.29728125,0.98340625,0.67153125,238359,775652,0,0,0,274,1296
39844,308.59375,0.07896875,0.14134375,0.76509375,0.29728125,0.92103125,0.60915625,217666,796345,0,0,0,262,1440
39844,308.59375,0.07896875,0.14134375,0.76509375,0.29728125,0.92103125,0.67153125,238286,775725,0,0,0,252,1368
24219,415.78125,0.51559375,0.23490625,0.95221875,0.98340625,0.48440625,0.11015625,8056,1005955,0,0,0,154,1152
14844,415.78125,0.51559375,0.23490625,0.95221875,0.98340625,0.48440625,0.11015625,7984,1006027,0,0,0,159,1368
24219,63.59375,0.51559375,0.23490625,0.95221875,0.98340625,0.48440625,0.11015625,8007,1006004,0,0,0,228,1344
24219,415.78125,0.57796875,0.23490625,0.95221875,0.98340625,0.48440625,0.11015625,8041,1005970,0,0,0,155,1176
24219,415.78125,0.51559375,0.64034375,0.95221875,0.98340625,0.48440625,0.11015625,8005,1006006,0,0,0,135,1344
24219,415.78125,0.51559375,0.23490625,0.26609375,0.98340625,0.48440625,0.11015625,122956,891055,0,0,0,156,1344
24219,415.78125,0.51559375,0.23490625,0.95221875,0.79628125,0.48440625,0.11015625,8006,1006005,0,0,0,154,1248
24219,415.78125,0.51559375,0.23490625,0.95221875,0.98340625,0.42203125,0.11015625,8028,1005983,0,0,0,153,1176
24219,415.78125,0.51559375,0.23490625,0.95221875,0.98340625,0.48440625,0.17253125,12535,1001476,0,0,0,154,1488
24219,63.59375,0.57796875,0.64034375,0.26609375,0.79628125,0.42203125,0.17253125,192630,821381,0,0,0,178,1272
14844,415.78125,0.57796875,0.64034375,0.26609375,0.79628125,0.42203125,0.17253125,192632,821379,0,0,0,131,1272
14844,63.59375,0.51559375,0.64034375,0.26609375,0.79628125,0.42203125,0.17253125,192544,821467,0,0,0,179,1128
14844,63.59375,0.57796875,0.23490625,0.26609375,0.79628125,0.42203125,0.17253125,192594,821417,0,0,0,225,1368
14844,63.59375,0.57796875,0.64034375,0.95221875,0.79628125,0.42203125,0.17253125,12512,1001499,0,0,0,180,1296
14844,63.59375,0.57796875,0.64034375,0.26609375,0.98340625,0.42203125,0.17253125,192569,821442,0,0,0,183,1224
14844,63.59375,0.57796875,0.64034375,0.26609375,0.79628125,0.48440625,0.17253125,192536,821475,0,0,0,184,1320
14844,63.59375,0.57796875,0.64034375,0.26609375,0.79628125,0.42203125,0.11015625,122971,891040,0,0,0,180,1296
14844,63.59375,0.57796875,0.64034375,0.26609375,0.79628125,0.42203125,0.17253125,192605,821406,0,0,0,177,1200
17969,232.03125,0.88984375,0.11015625,0.82746875,0.60915625,0.85865625,0.73390625,174966,839045,0,0,0,183,1152
46094,232.03125,0.88984375,0.11015625,0.82746875,0.60915625,0.85865625,0.73390625,175002,839009,0,0,0,158,1248
17969,492.34375,0.88984375,0.11015625,0.82746875,0.60915625,0.85865625,0.73390625,175093,838918,0,0,0,156,1200
17969,232.03125,0.20371875,0.11015625,0.82746875,0.60915625,0.85865625,0.73390625,175090,838921,0,0,0,252,1368
17969,232.03125,0.88984375,0.51559375,0.82746875,0.60915625,0.85865625,0.73390625,174936,839075,0,0,0,133,1272
17969,232.03125,0.88984375,0.11015625,0.88984375,0.60915625,0.85865625,0.73390625,111820,902191,0,0,0,186,1176
17969,232.03125,0.88984375,0.11015625,0.82746875,0.67153125,0.85865625,0.73390625,174956,839055,0,0,0,179,1368
17969,232.03125,0.88984375,0.11015625,0.82746875,0.60915625,0.29728125,0.73390625,174971,839040,0,0,0,184,1248
17969,232.03125,0.88984375,0.11015625,0.82746875,0.60915625,0.85865625,0.04778125,12516,1001495,0,0,0,184,1200
17969,492.34375,0.20371875,0.51559375,0.88984375,0.67153125,0.29728125,0.04778125,8006,1006005,0,0,0,156,1296
46094,232.03125,0.20371875,0.51559375,0.88984375,0.67153125,0.29728125,0.04778125,8021,1005990,0,0,0,172,1176
46094,492.34375,0.88984375,0.51559375,0.88984375,0.67153125,0.29728125,0.04778125,8036,1005975,0,0,0,111,1248
46094,492.34375,0.20371875,0.11015625,0.88984375,0.67153125,0.29728125,0.04778125,7999,1006012,0,0,0,202,1176
46094,492.34375,0.20371875,0.51559375,0.82746875,0.67153125,0.29728125,0.04778125,12548,1001463,0,0,0,138,1320
46094,492.34375,0.20371875,0.51559375,0.88984375,0.60915625,0.29728125,0.04778125,8018,1005993,0,0,0,135,1224
46094,492.34375,0.20371875,0.51559375,0.88984375,0.67153125,0.85865625,0.04778125,8006,1006005,0,0,0,154,1272
46094,492.34375,0.20371875,0.51559375,0.88984375,0.67153125,0.29728125,0.73390625,111809,902202,0,0,0,154,1152
46094,492.34375,0.20371875,0.51559375,0.88984375,0.67153125,0.29728125,0.04778125,8012,1005999,0,0,0,151,1272
42969,477.03125,0.39084375,0.60915625,0.32846875,0.11015625,0.35965625,0.23490625,239960,774051,0,0,0,131,1200
21094,477.03125,0.39084375,0.60915625,0.32846875,0.11015625,0.35965625,0.23490625,239932,774079,0,0,0,130,1104
42969,247.34375,0.39084375,0.60915625,0.32846875,0.11015625,0.35965625,0.23490625,239865,774146,0,0,0,135,1320
42969,477.03125,0.70271875,0.60915625,0.32846875,0.11015625,0.35965625,0.23490625,239996,774015,0,0,0,112,1200
42969,477.03125,0.39084375,0.01659375,0.32846875,0.11015625,0.35965625,0.23490625,239955,774056,0,0,0,185,1224
42969,477.03125,0.39084375,0.60915625,0.39084375,0.11015625,0.35965625,0.23490625,217711,796300,0,0,0,128,1152
42969,477.03125,0.39084375,0.60915625,0.32846875,0.17253125,0.35965625,0.23490625,239972,774039,0,0,0,111,1152
42969,477.03125,0.39084375,0.60915625,0.32846875,0.11015625,0.79628125,0.23490625,240009,774002,0,0,0,124,1272
42969,477.03125,0.39084375,0.60915625,0.32846875,0.11015625,0.35965625,0.54678125,558608,455403,0,0,0,129,1152
42969,247.34375,0.70271875,0.01659375,0.39084375,0.17253125,0.79628125,0.54678125,506523,507488,0,0,0,201,1344
21094,477.03125,0.70271875,0.01659375,0.39084375,0.17253125,0.79628125,0.54678125,506758,507253,0,0,0,181,1296
21094,247.34375,0.39084375,0.01659375,0.39084375,0.17253125,0.79628125,0.54678125,506765,507246,0,0,0,226,1392
21094,247.34375,0.70271875,0.60915625,0.39084375,0.17253125,0.79628125,0.54678125,506592,507419,0,0,0,131,1200
21094,247.34375,0.70271875,0.01659375,0.32846875,0.17253125,0.79628125,0.54678125,558337,455674,0,0,0,225,1368
21094,247.34375,0.70271875,0.01659375,0.39084375,0.11015625,0.79628125,0.54678125,506752,507259,0,0,0,208,1224
21094,247.34375,0.70271875,0.01659375,0.39084375,0.17253125,0.35965625,0.54678125,506656,507355,0,0,0,204,1296
21094,247.34375,0.70271875,0.01659375,0.39084375,0.17253125,0.79628125,0.23490625,217486,796525,0,0,0,208,1200
21094,247.34375,0.70271875,0.01659375,0.39084375,0.17253125,0.79628125,0.54678125,506484,507527,0,0,0,209,1272
30469,109.53125,0.64034375,0.35965625,0.07896875,0.35965625,0.60915625,0.48440625,678589,335422,0,0,0,181,1200
8595,109.53125,0.64034375,0.35965625,0.07896875,0.35965625,0.60915625,0.48440625,678613,335398,0,0,0,183,1224
30469,124.84375,0.64034375,0.35965625,0.07896875,0.35965625,0.60915625,0.48440625,678633,335378,0,0,0,157,1416
30469,109.53125,0.95221875,0.35965625,0.07896875,0.35965625,0.60915625,0.48440625,678663,335348,0,0,0,155,1224
30469,109.53125,0.64034375,0.26609375,0.07896875,0.35965625,0.60915625,0.48440625,678637,335374,0,0,0,161,1248
30469,109.53125,0.64034375,0.35965625,0.64034375,0.35965625,0.60915625,0.48440625,264952,749059,0,0,0,175,1416
30469,109.53125,0.64034375,0.35965625,0.07896875,0.92103125,0.60915625,0.48440625,678563,335448,0,0,0,173,1200
30469,109.53125,0.64034375,0.35965625,0.07896875,0.35965625,0.54678125,0.48440625,678460,335551,0,0,0,161,1224
30469,109.53125,0.64034375,0.35965625,0.07896875,0.35965625,0.60915625,0.29728125,416446,597565,0,0,0,183,1344
30469,124.84375,0.95221875,0.26609375,0.64034375,0.92103125,0.54678125,0.29728125,162670,851341,0,0,0,157,1320
8595,109.53125,0.95221875,0.26609375,0.64034375,0.92103125,0.54678125,0.29728125,162734,851277,0,0,0,181,1248
8595,124.84375,0.64034375,0.26609375,0.64034375,0.92103125,0.54678125,0.29728125,162625,851386,0,0,0,184,1368
8595,124.84375,0.95221875,0.35965625,0.64034375,0.92103125,0.54678125,0.29728125,162659,851352,0,0,0,178,1248
8595,124.84375,0.95221875,0.26609375,0.07896875,0.92103125,0.54678125,0.29728125,416487,597524,0,0,0,175,1224
8595,124.84375,0.95221875,0.26609375,0.64034375,0.35965625,0.54678125,0.29728125,162740,851271,0,0,0,183,1176
8595,124.84375,0.95221875,0.26609375,0.64034375,0.92103125,0.60915625,0.29728125,162568,851443,0,0,0,177,1272
8595,124.84375,0.95221875,0.26609375,0.64034375,0.92103125,0.54678125,0.48440625,264866,749145,0,0,0,182,1320
8595,124.84375,0.95221875,0.26609375,0.64034375,0.92103125,0.54678125,0.29728125,162579,851432,0,0,0,180,1224
5470,354.53125,0.14134375,0.85865625,0.57796875,0.85865625,0.11015625,0.98340625,427922,586089,0,0,0,180,1272
33594,354.53125,0.14134375,0.85865625,0.57796875,0.85865625,0.11015625,0.98340625,427983,586028,0,0,0,152,1176
5470,369.84375,0.14134375,0.85865625,0.57796875,0.85865625,0.11015625,0.98340625,427878,586133,0,0,0,180,1224
5470,354.53125,0.45321875,0.85865625,0.57796875,0.85865625,0.11015625,0.98340625,427979,586032,0,0,0,138,1296
5470,354.53125,0.14134375,0.76509375,0.57796875,0.85865625,0.11015625,0.98340625,427927,586084,0,0,0,180,1368
5470,354.53125,0.14134375,0.85865625,0.14134375,0.85865625,0.11015625,0.98340625,870824,143187,0,0,0,178,1344
5470,354.53125,0.14134375,0.85865625,0.57796875,0.42203125,0.11015625,0.98340625,427809,586202,0,0,0,177,1608
5470,354.53125,0.14134375,0.85865625,0.57796875,0.85865625,0.04778125,0.98340625,428122,585889,0,0,0,169,1392
5470,354.53125,0.14134375,0.85865625,0.57796875,0.85865625,0.11015625,0.79628125,427928,586083,0,0,0,160,1224
5470,369.84375,0.45321875,0.76509375,0.14134375,0.42203125,0.04778125,0.79628125,870640,143371,0,0,0,150,1248
33594,354.53125,0.45321875,0.76509375,0.14134375,0.42203125,0.04778125,0.79628125,870631,143380,0,0,0,131,1248
33594,369.84375,0.14134375,0.76509375,0.14134375,0.42203125,0.04778125,0.79628125,870598,143413,0,0,0,157,1224
33594,369.84375,0.45321875,0.85865625,0.14134375,0.42203125,0.04778125,0.79628125,870681,143330,0,0,0,131,1176
33594,369.84375,0.45321875,0.76509375,0.57796875,0.42203125,0.04778125,0.79628125,427803,586208,0,0,0,132,1488
33594,369.84375,0.45321875,0.76509375,0.14134375,0.85865625,0.04778125,0.79628125,870689,143322,0,0,0,124,1248
33594,369.84375,0.45321875,0.76509375,0.14134375,0.42203125,0.11015625,0.79628125,870603,143408,0,0,0,120,1224
33594,369.84375,0.45321875,0.76509375,0.14134375,0.42203125,0.04778125,0.98340625,870684,143327,0,0,0,127,1224
33594,369.84375,0.45321875,0.76509375,0.14134375,0.42203125,0.04778125,0.79628125,870693,143318,0,0,0,129,1200
3907,124.84375,0.79628125,0.14134375,0.42203125,0.07896875,0.26609375,0.45321875,398467,615544,0,0,0,227,1272
25782,124.84375,0.79628125,0.14134375,0.42203125,0.07896875,0.26609375,0.45321875,398402,615609,0,0,0,181,1272
3907,78.90625,0.79628125,0.14134375,0.42203125,0.07896875,0.26609375,0.45321875,398606,615405,0,0,0,234,1416
3907,124.84375,0.48440625,0.14134375,0.42203125,0.07896875,0.26609375,0.45321875,398509,615502,0,0,0,234,1272
3907,124.84375,0.79628125,0.60915625,0.42203125,0.07896875,0.26609375,0.45321875,398586,615425,0,0,0,162,1176
3907,124.84375,0.79628125,0.14134375,0.85865625,0.07896875,0.26609375,0.45321875,97518,916493,0,0,0,227,1368
3907,124.84375,0.79628125,0.14134375,0.42203125,0.32846875,0.26609375,0.45321875,398400,615611,0,0,0,210,1296
3907,124.84375,0.79628125,0.14134375,0.42203125,0.07896875,0.64034375,0.45321875,398374,615637,0,0,0,226,1440
3907,124.84375,0.79628125,0.14134375,0.42203125,0.07896875,0.26609375,0.07896875,69424,944587,0,0,0,211,1272
3907,78.90625,0.48440625,0.60915625,0.85865625,0.32846875,0.64034375,0.07896875,16966,997045,0,0,0,204,1248
25782,124.84375,0.48440625,0.60915625,0.85865625,0.32846875,0.64034375,0.07896875,16923,997088,0,0,0,159,1296
25782,78.90625,0.79628125,0.60915625,0.85865625,0.32846875,0.64034375,0.07896875,16972,997039,0,0,0,159,1152
25782,78.90625,0.48440625,0.14134375,0.85865625,0.32846875,0.64034375,0.07896875,16960,997051,0,0,0,257,1488
25782,78.90625,0.48440625,0.60915625,0.42203125,0.32846875,0.64034375,0.07896875,69498,944513,0,0,0,183,1392
25782,78.90625,0.48440625,0.60915625,0.85865625,0.07896875,0.64034375,0.07896875,16940,997071,0,0,0,182,1248
25782,78.90625,0.48440625,0.60915625,0.85865625,0.32846875,0.26609375,0.07896875,16950,997061,0,0,0,184,1224
25782,78.90625,0.48440625,0.60915625,0.85865625,0.32846875,0.64034375,0.45321875,97350,916661,0,0,0,176,1200
25782,78.90625,0.48440625,0.60915625,0.85865625,0.32846875,0.64034375,0.07896875,16996,997015,0,0,0,179,1176
28907,369.84375,0.29728125,0.64034375,0.92103125,0.57796875,0.76509375,0.95221875,80022,933989,0,0,0,153,1272
782,369.84375,0.29728125,0.64034375,0.92103125,0.57796875,0.76509375,0.95221875,80083,933928,0,0,0,180,1200
28907,323.90625,0.29728125,0.64034375,0.92103125,0.57796875,0.76509375,0.95221875,80102,933909,0,0,0,153,1224
28907,369.84375,0.98340625,0.64034375,0.92103125,0.57796875,0.76509375,0.95221875,80080,933931,0,0,0,110,1248
28907,369.84375,0.29728125,0.11015625,0.92103125,0.57796875,0.76509375,0.95221875,79936,934075,0,0,0,201,1296
28907,369.84375,0.29728125,0.64034375,0.35965625,0.57796875,0.76509375,0.95221875,649564,364447,0,0,0,141,1272
28907,369.84375,0.29728125,0.64034375,0.92103125,0.82746875,0.76509375,0.95221875,80043,933968,0,0,0,137,1344
28907,369.84375,0.29728125,0.64034375,0.92103125,0.57796875,0.14134375,0.95221875,80142,933869,0,0,0,136,1176
28907,369.84375,0.29728125,0.64034375,0.92103125,0.57796875,0.76509375,0.57796875,69371,944640,0,0,0,135,1296
28907,323.90625,0.98340625,0.11015625,0.35965625,0.82746875,0.14134375,0.57796875,562853,451158,0,0,0,152,1248
782,369.84375,0.98340625,0.11015625,0.35965625,0.82746875,0.14134375,0.57796875,563087,450924,0,0,0,186,1320
782,323.90625,0.29728125,0.11015625,0.35965625,0.82746875,0.14134375,0.57796875,562950,451061,0,0,0,258,1344
782,323.90625,0.98340625,0.64034375,0.35965625,0.82746875,0.14134375,0.57796875,562877,451134,0,0,0,146,1128
782,323.90625,0.98340625,0.11015625,0.92103125,0.82746875,0.14134375,0.57796875,69455,944556,0,0,0,206,1272
782,323.90625,0.98340625,0.11015625,0.35965625,0.57796875,0.14134375,0.57796875,562981,451030,0,0,0,204,1224
782,323.90625,0.98340625,0.11015625,0.35965625,0.82746875,0.76509375,0.57796875,562912,451099,0,0,0,203,1224
782,323.90625,0.98340625,0.11015625,0.35965625,0.82746875,0.14134375,0.95221875,649350,364661,0,0,0,201,1344
782,323.90625,0.98340625,0.11015625,0.35965625,0.82746875,0.14134375,0.57796875,562947,451064,0,0,0,185,1200
41406,247.34375,0.54678125,0.39084375,0.67153125,0.82746875,0.01659375,0.70271875,333019,680992,0,0,0,140,1320
13282,247.34375,0.54678125,0.39084375,0.67153125,0.82746875,0.01659375,0.70271875,332997,681014,0,0,0,158,1296
41406,446.40625,0.54678125,0.39084375,0.67153125,0.82746875,0.01659375,0.70271875,333185,680826,0,0,0,128,1200
41406,247.34375,0.73390625,0.39084375,0.67153125,0.82746875,0.01659375,0.70271875,333062,680949,0,0,0,134,1200
41406,247.34375,0.54678125,0.35965625,0.67153125,0.82746875,0.01659375,0.70271875,333352,680659,0,0,0,152,1272
41406,247.34375,0.54678125,0.39084375,0.60915625,0.82746875,0.01659375,0.70271875,396277,617734,0,0,0,135,1224
41406,247.34375,0.54678125,0.39084375,0.67153125,0.07896875,0.01659375,0.70271875,333137,680874,0,0,0,136,1248
41406,247.34375,0.54678125,0.39084375,0.67153125,0.82746875,0.39084375,0.70271875,332941,681070,0,0,0,150,1320
41406,247.34375,0.54678125,0.39084375,0.67153125,0.82746875,0.01659375,0.32846875,164026,849985,0,0,0,146,1200
41406,446.40625,0.73390625,0.35965625,0.60915625,0.07896875,0.39084375,0.32846875,195403,818608,0,0,0,128,1296
13282,247.34375,0.73390625,0.35965625,0.60915625,0.07896875,0.39084375,0.32846875,195138,818873,0,0,0,155,1344
13282,446.40625,0.54678125,0.35965625,0.60915625,0.07896875,0.39084375,0.32846875,195313,818698,0,0,0,137,1200
13282,446.40625,0.73390625,0.39084375,0.60915625,0.07896875,0.39084375,0.32846875,195194,818817,0,0,0,136,1248
13282,446.40625,0.73390625,0.35965625,0.67153125,0.07896875,0.39084375,0.32846875,164200,849811,0,0,0,135,1344
13282,446.40625,0.73390625,0.35965625,0.60915625,0.82746875,0.39084375,0.32846875,195182,818829,0,0,0,138,1272
13282,446.40625,0.73390625,0.35965625,0.60915625,0.07896875,0.01659375,0.32846875,195351,818660,0,0,0,138,1272
13282,446.40625,0.73390625,0.35965625,0.60915625,0.07896875,0.39084375,0.70271875,396421,617590,0,0,0,135,1128
13282,446.40625,0.73390625,0.35965625,0.60915625,0.07896875,0.39084375,0.32846875,195193,818818,0,0,0,134,1224
16407,492.34375,0.04778125,0.88984375,0.17253125,0.32846875,0.51559375,0.20371875,256429,757582,0,0,0,183,1296
38281,492.34375,0.04778125,0.88984375,0.17253125,0.32846875,0.51559375,0.20371875,256516,757495,0,0,0,179,1416
16407,201.40625,0.04778125,0.88984375,0.17253125,0.32846875,0.51559375,0.20371875,256425,757586,0,0,0,249,1608
16407,492.34375,0.23490625,0.88984375,0.17253125,0.32846875,0.51559375,0.20371875,256399,757612,0,0,0,154,1200
16407,492.34375,0.04778125,0.85865625,0.17253125,0.32846875,0.51559375,0.20371875,256427,757584,0,0,0,200,1272
16407,492.34375,0.04778125,0.88984375,0.11015625,0.32846875,0.51559375,0.20371875,275686,738325,0,0,0,182,1344
16407,492.34375,0.04778125,0.88984375,0.17253125,0.57796875,0.51559375,0.20371875,256443,757568,0,0,0,186,1176
16407,492.34375,0.04778125,0.88984375,0.17253125,0.32846875,0.88984375,0.20371875,256418,757593,0,0,0,198,1440
16407,492.34375,0.04778125,0.88984375,0.17253125,0.32846875,0.51559375,0.82746875,839008,175003,0,0,0,182,1200
16407,201.40625,0.23490625,0.85865625,0.11015625,0.57796875,0.88984375,0.82746875,902312,111699,0,0,0,175,1200
38281,492.34375,0.23490625,0.85865625,0.11015625,0.57796875,0.88984375,0.82746875,902244,111767,0,0,0,134,1248
38281,201.40625,0.04778125,0.85865625,0.11015625,0.57796875,0.88984375,0.82746875,902334,111677,0,0,0,210,1272
38281,201.40625,0.23490625,0.88984375,0.11015625,0.57796875,0.88984375,0.82746875,902449,111562,0,0,0,157,1272
38281,201.40625,0.23490625,0.85865625,0.17253125,0.57796875,0.88984375,0.82746875,839229,174782,0,0,0,155,1200
38281,201.40625,0.23490625,0.85865625,0.11015625,0.32846875,0.88984375,0.82746875,902183,111828,0,0,0,161,1176
38281,201.40625,0.23490625,0.85865625,0.11015625,0.57796875,0.51559375,0.82746875,902432,111579,0,0,0,156,1344
38281,201.40625,0.23490625,0.85865625,0.11015625,0.57796875,0.88984375,0.20371875,275717,738294,0,0,0,155,1272
38281,201.40625,0.23490625,0.85865625,0.11015625,0.57796875,0.88984375,0.82746875,902311,111700,0,0,0,156,1200
22657,186.09375,0.42203125,0.76509375,0.04778125,0.20371875,0.14134375,0.57796875,837107,176904,0,0,0,161,1200
19532,186.09375,0.42203125,0.76509375,0.04778125,0.20371875,0.14134375,0.57796875,837002,177009,0,0,0,152,1272
22657,262.65625,0.42203125,0.76509375,0.04778125,0.20371875,0.14134375,0.57796875,837139,176872,0,0,0,149,1320
22657,186.09375,0.60915625,0.76509375,0.04778125,0.20371875,0.14134375,0.57796875,837123,176888,0,0,0,138,1152
22657,186.09375,0.42203125,0.98340625,0.04778125,0.20371875,0.14134375,0.57796875,837083,176928,0,0,0,152,1176
22657,186.09375,0.42203125,0.76509375,0.73390625,0.20371875,0.14134375,0.57796875,233820,780191,0,0,0,152,1176
22657,186.09375,0.42203125,0.76509375,0.04778125,0.95221875,0.14134375,0.57796875,837047,176964,0,0,0,153,1152
22657,186.09375,0.42203125,0.76509375,0.04778125,0.20371875,0.76509375,0.57796875,837151,176860,0,0,0,156,1152
22657,186.09375,0.42203125,0.76509375,0.04778125,0.20371875,0.14134375,0.95221875,965621,48390,0,0,0,156,1248
22657,262.65625,0.60915625,0.98340625,0.73390625,0.95221875,0.76509375,0.95221875,269873,744138,0,0,0,130,1176
19532,186.09375,0.60915625,0.98340625,0.73390625,0.95221875,0.76509375,0.95221875,269668,744343,0,0,0,132,1152
19532,262.65625,0.42203125,0.98340625,0.73390625,0.95221875,0.76509375,0.95221875,269766,744245,0,0,0,135,1248
19532,262.65625,0.60915625,0.76509375,0.73390625,0.95221875,0.76509375,0.95221875,270058,743953,0,0,0,132,1200
19532,262.65625,0.60915625,0.98340625,0.04778125,0.95221875,0.76509375,0.95221875,965565,48446,0,0,0,131,1320
19532,262.65625,0.60915625,0.98340625,0.73390625,0.20371875,0.76509375,0.95221875,269784,744227,0,0,0,129,1488
19532,262.65625,0.60915625,0.98340625,0.73390625,0.95221875,0.14134375,0.95221875,269740,744271,0,0,0,130,1152
19532,262.65625,0.60915625,0.98340625,0.73390625,0.95221875,0.76509375,0.57796875,233833,780178,0,0,0,131,1296
19532,262.65625,0.60915625,0.98340625,0.73390625,0.95221875,0.76509375,0.95221875,269886,744125,0,0,0,131,1128
47656,431.09375,0.92103125,0.26609375,0.54678125,0.70271875,0.64034375,0.07896875,54470,959541,0,0,0,128,1296
44531,431.09375,0.92103125,0.26609375,0.54678125,0.70271875,0.64034375,0.07896875,54409,959602,0,0,0,114,1200
47656,17.65625,0.92103125,0.26609375,0.54678125,0.70271875,0.64034375,0.07896875,54386,959625,0,0,0,252,1320
47656,431.09375,0.11015625,0.26609375,0.54678125,0.70271875,0.64034375,0.07896875,54452,959559,0,0,0,184,1176
47656,431.09375,0.92103125,0.48440625,0.54678125,0.70271875,0.64034375,0.07896875,54455,959556,0,0,0,111,1248
47656,431.09375,0.92103125,0.26609375,0.23490625,0.70271875,0.64034375,0.07896875,91908,922103,0,0,0,129,1296
47656,431.09375,0.92103125,0.26609375,0.54678125,0.45321875,0.64034375,0.07896875,54503,959508,0,0,0,128,1704
47656,431.09375,0.92103125,0.26609375,0.54678125,0.70271875,0.26609375,0.07896875,54452,959559,0,0,0,131,1176
47656,431.09375,0.92103125,0.26609375,0.54678125,0.70271875,0.64034375,0.45321875,312522,701489,0,0,0,129,1368
47656,17.65625,0.11015625,0.48440625,0.23490625,0.45321875,0.26609375,0.45321875,527536,486475,0,0,0,378,1488
44531,431.09375,0.11015625,0.48440625,0.23490625,0.45321875,0.26609375,0.45321875,527312,486699,0,0,0,176,1248
44531,17.65625,0.92103125,0.48440625,0.23490625,0.45321875,0.26609375,0.45321875,527417,486594,0,0,0,206,1320
44531,17.65625,0.11015625,0.26609375,0.23490625,0.45321875,0.26609375,0.45321875,527387,486624,0,0,0,400,1632
44531,17.65625,0.11015625,0.48440625,0.54678125,0.45321875,0.26609375,0.45321875,312480,701531,0,0,0,378,1440
44531,17.65625,0.11015625,0.48440625,0.23490625,0.70271875,0.26609375,0.45321875,527524,486487,0,0,0,378,1464
44531,17.65625,0.11015625,0.48440625,0.23490625,0.45321875,0.64034375,0.45321875,527509,486502,0,0,0,396,1608
44531,17.65625,0.11015625,0.48440625,0.23490625,0.45321875,0.26609375,0.07896875,91803,922208,0,0,0,377,1296
44531,17.65625,0.11015625,0.48440625,0.23490625,0.45321875,0.26609375,0.45321875,527356,486655,0,0,0,376,1296
35157,63.59375,0.17253125,0.51559375,0.79628125,0.95221875,0.39084375,0.32846875,101677,912334,0,0,0,251,1272
32032,63.59375,0.17253125,0.51559375,0.79628125,0.95221875,0.39084375,0.32846875,101764,912247,0,0,0,258,1488
35157,140.15625,0.17253125,0.51559375,0.79628125,0.95221875,0.39084375,0.32846875,101696,912315,0,0,0,203,1200
35157,63.59375,0.35965625,0.51559375,0.79628125,0.95221875,0.39084375,0.32846875,101696,912315,0,0,0,205,1704
35157,63.59375,0.17253125,0.23490625,0.79628125,0.95221875,0.39084375,0.32846875,101758,912253,0,0,0,291,1320
35157,63.59375,0.17253125,0.51559375,0.98340625,0.95221875,0.39084375,0.32846875,8333,1005678,0,0,0,249,1272
35157,63.59375,0.17253125,0.51559375,0.79628125,0.70271875,0.39084375,0.32846875,101810,912201,0,0,0,236,1392
35157,63.59375,0.17253125,0.51559375,0.79628125,0.95221875,0.01659375,0.32846875,101860,912151,0,0,0,251,1224
35157,63.59375,0.17253125,0.51559375,0.79628125,0.95221875,0.39084375,0.70271875,206606,807405,0,0,0,248,1224
35157,140.15625,0.35965625,0.23490625,0.98340625,0.70271875,0.01659375,0.70271875,16753,997258,0,0,0,204,1320
32032,63.59375,0.35965625,0.23490625,0.98340625,0.70271875,0.01659375,0.70271875,16838,997173,0,0,0,274,1248
32032,140.15625,0.17253125,0.23490625,0.98340625,0.70271875,0.01659375,0.70271875,16902,997109,0,0,0,250,1176
32032,140.15625,0.35965625,0.51559375,0.98340625,0.70271875,0.01659375,0.70271875,16923,997088,0,0,0,178,1440
32032,140.15625,0.35965625,0.23490625,0.79628125,0.70271875,0.01659375,0.70271875,206562,807449,0,0,0,205,1272
32032,140.15625,0.35965625,0.23490625,0.98340625,0.95221875,0.01659375,0.70271875,16868,997143,0,0,0,202,1200
32032,140.15625,0.35965625,0.23490625,0.98340625,0.70271875,0.39084375,0.70271875,16760,997251,0,0,0,206,1272
32032,140.15625,0.35965625,0.23490625,0.98340625,0.70271875,0.01659375,0.32846875,8320,1005691,0,0,0,228,1392
32032,140.15625,0.35965625,0.23490625,0.98340625,0.70271875,0.01659375,0.70271875,16925,997086,0,0,0,203,1128
10157,308.59375,0.67153125,0.01659375,0.29728125,0.45321875,0.88984375,0.82746875,712547,301464,0,0,0,203,1248
7032,308.59375,0.67153125,0.01659375,0.29728125,0.45321875,0.88984375,0.82746875,712563,301448,0,0,0,218,1224
10157,385.15625,0.67153125,0.01659375,0.29728125,0.45321875,0.88984375,0.82746875,712443,301568,0,0,0,200,1224
10157,308.59375,0.85865625,0.01659375,0.29728125,0.45321875,0.88984375,0.82746875,712573,301438,0,0,0,201,1320
10157,308.59375,0.67153125,0.73390625,0.29728125,0.45321875,0.88984375,0.82746875,712597,301414,0,0,0,133,1248
10157,308.59375,0.67153125,0.01659375,0.48440625,0.45321875,0.88984375,0.82746875,522779,491232,0,0,0,226,1392
10157,308.59375,0.67153125,0.01659375,0.29728125,0.20371875,0.88984375,0.82746875,712660,301351,0,0,0,205,1296
10157,308.59375,0.67153125,0.01659375,0.29728125,0.45321875,0.51559375,0.82746875,712706,301305,0,0,0,206,1344
10157,308.59375,0.67153125,0.01659375,0.29728125,0.45321875,0.88984375,0.20371875,217756,796255,0,0,0,232,1488
10157,385.15625,0.85865625,0.73390625,0.48440625,0.20371875,0.51559375,0.20371875,159735,854276,0,0,0,128,1224
7032,308.59375,0.85865625,0.73390625,0.48440625,0.20371875,0.51559375,0.20371875,159833,854178,0,0,0,134,1296
7032,385.15625,0.67153125,0.73390625,0.48440625,0.20371875,0.51559375,0.20371875,159762,854249,0,0,0,135,1152
7032,385.15625,0.85865625,0.01659375,0.48440625,0.20371875,0.51559375,0.20371875,159792,854219,0,0,0,203,1440
7032,385.15625,0.85865625,0.73390625,0.29728125,0.20371875,0.51559375,0.20371875,217749,796262,0,0,0,117,1200
7032,385.15625,0.85865625,0.73390625,0.48440625,0.45321875,0.51559375,0.20371875,159742,854269,0,0,0,130,1272
7032,385.15625,0.85865625,0.73390625,0.48440625,0.20371875,0.88984375,0.20371875,159781,854230,0,0,0,112,1104
7032,385.15625,0.85865625,0.73390625,0.48440625,0.20371875,0.51559375,0.82746875,522718,491293,0,0,0,129,1176
7032,385.15625,0.85865625,0.73390625,0.48440625,0.20371875,0.51559375,0.20371875,159786,854225,0,0,0,118,1200
7032,216.71875,0.23490625,0.32846875,0.98340625,0.26609375,0.20371875,0.51559375,12985,1001026,0,0,0,209,1224
22657,216.71875,0.23490625,0.32846875,0.98340625,0.26609375,0.20371875,0.51559375,12995,1001016,0,0,0,201,1320
7032,232.03125,0.23490625,0.32846875,0.98340625,0.26609375,0.20371875,0.51559375,13016,1000995,0,0,0,228,1320
7032,216.71875,0.79628125,0.32846875,0.98340625,0.26609375,0.20371875,0.51559375,12971,1001040,0,0,0,176,1224
7032,216.71875,0.23490625,0.54678125,0.98340625,0.26609375,0.20371875,0.51559375,12995,1001016,0,0,0,204,1272
7032,216.71875,0.23490625,0.32846875,0.17253125,0.26609375,0.20371875,0.51559375,648793,365218,0,0,0,226,1200
7032,216.71875,0.23490625,0.32846875,0.98340625,0.64034375,0.20371875,0.51559375,13086,1000925,0,0,0,226,1296
7032,216.71875,0.23490625,0.32846875,0.98340625,0.26609375,0.45321875,0.51559375,12978,1001033,0,0,0,209,1176
7032,216.71875,0.23490625,0.32846875,0.98340625,0.26609375,0.20371875,0.88984375,16900,997111,0,0,0,225,1296
7032,232.03125,0.79628125,0.54678125,0.17253125,0.64034375,0.45321875,0.88984375,839168,174843,0,0,0,136,1272
22657,216.71875,0.79628125,0.54678125,0.17253125,0.64034375,0.45321875,0.88984375,839171,174840,0,0,0,135,1272
22657,232.03125,0.23490625,0.54678125,0.17253125,0.64034375,0.45321875,0.88984375,839036,174975,0,0,0,177,1248
22657,232.03125,0.79628125,0.32846875,0.17253125,0.64034375,0.45321875,0.88984375,839234,174777,0,0,0,138,1368
22657,232.03125,0.79628125,0.54678125,0.98340625,0.64034375,0.45321875,0.88984375,16837,997174,0,0,0,135,1104
22657,232.03125,0.79628125,0.54678125,0.17253125,0.26609375,0.45321875,0.88984375,839007,175004,0,0,0,146,1224
22657,232.03125,0.79628125,0.54678125,0.17253125,0.64034375,0.20371875,0.88984375,839061,174950,0,0,0,132,1224
22657,232.03125,0.79628125,0.54678125,0.17253125,0.64034375,0.45321875,0.51559375,648902,365109,0,0,0,134,1200
22657,232.03125,0.79628125,0.54678125,0.17253125,0.64034375,0.45321875,0.88984375,839031,174980,0,0,0,132,1368
32032,461.71875,0.73390625,0.82746875,0.48440625,0.76509375,0.70271875,0.01659375,13024,1000987,0,0,0,110,1152
47656,461.71875,0.73390625,0.82746875,0.48440625,0.76509375,0.70271875,0.01659375,13021,1000990,0,0,0,94,1272
32032,477.03125,0.73390625,0.82746875,0.48440625,0.76509375,0.70271875,0.01659375,13049,1000962,0,0,0,112,1128
32032,461.71875,0.29728125,0.82746875,0.48440625,0.76509375,0.70271875,0.01659375,13003,1001008,0,0,0,131,1224
32032,461.71875,0.73390625,0.04778125,0.48440625,0.76509375,0.70271875,0.01659375,13008,1001003,0,0,0,177,1176
32032,461.71875,0.73390625,0.82746875,0.67153125,0.76509375,0.70271875,0.01659375,8271,1005740,0,0,0,108,1248
32032,461.71875,0.73390625,0.82746875,0.48440625,0.14134375,0.70271875,0.01659375,12985,1001026,0,0,0,111,1200
32032,461.71875,0.73390625,0.82746875,0.48440625,0.76509375,0.95221875,0.01659375,12992,1001019,0,0,0,109,1200
32032,461.71875,0.73390625,0.82746875,0.48440625,0.76509375,0.70271875,0.39084375,306513,707498,0,0,0,107,1464
32032,477.03125,0.29728125,0.04778125,0.67153125,0.14134375,0.95221875,0.39084375,195203,818808,0,0,0,206,1224
47656,461.71875,0.29728125,0.04778125,0.67153125,0.14134375,0.95221875,0.39084375,195244,818767,0,0,0,202,1176
47656,477.03125,0.73390625,0.04778125,0.67153125,0.14134375,0.95221875,0.39084375,195145,818866,0,0,0,161,1368
47656,477.03125,0.29728125,0.82746875,0.67153125,0.14134375,0.95221875,0.39084375,195121,818890,0,0,0,128,1224
47656,477.03125,0.29728125,0.04778125,0.48440625,0.14134375,0.95221875,0.39084375,306625,707386,0,0,0,178,1224
47656,477.03125,0.29728125,0.04778125,0.67153125,0.76509375,0.95221875,0.39084375,195434,818577,0,0,0,202,1368
47656,477.03125,0.29728125,0.04778125,0.67153125,0.14134375,0.70271875,0.39084375,195224,818787,0,0,0,184,1344
47656,477.03125,0.29728125,0.04778125,0.67153125,0.14134375,0.95221875,0.01659375,8313,1005698,0,0,0,201,1224
47656,477.03125,0.29728125,0.04778125,0.67153125,0.14134375,0.95221875,0.39084375,195253,818758,0,0,0,203,1200
44531,94.21875,0.48440625,0.07896875,0.23490625,0.51559375,0.45321875,0.26609375,309640,704371,0,0,0,208,1320
35157,94.21875,0.48440625,0.07896875,0.23490625,0.51559375,0.45321875,0.26609375,309616,704395,0,0,0,210,1248
44531,354.53125,0.48440625,0.07896875,0.23490625,0.51559375,0.45321875,0.26609375,309647,704364,0,0,0,175,1248
44531,94.21875,0.04778125,0.07896875,0.23490625,0.51559375,0.45321875,0.26609375,309652,704359,0,0,0,392,1368
44531,94.21875,0.48440625,0.29728125,0.23490625,0.51559375,0.45321875,0.26609375,309607,704404,0,0,0,182,1224
44531,94.21875,0.48440625,0.07896875,0.42203125,0.51559375,0.45321875,0.26609375,234014,779997,0,0,0,227,1464
44531,94.21875,0.48440625,0.07896875,0.23490625,0.88984375,0.45321875,0.26609375,309750,704261,0,0,0,209,1344
44531,94.21875,0.48440625,0.07896875,0.23490625,0.51559375,0.70271875,0.26609375,309692,704319,0,0,0,220,1248
44531,94.21875,0.48440625,0.07896875,0.23490625,0.51559375,0.45321875,0.64034375,745422,268589,0,0,0,228,1392
44531,354.53125,0.04778125,0.29728125,0.42203125,0.88984375,0.70271875,0.64034375,562725,451286,0,0,0,232,1248
35157,94.21875,0.04778125,0.29728125,0.42203125,0.88984375,0.70271875,0.64034375,562959,451052,0,0,0,348,1536
35157,354.53125,0.48440625,0.29728125,0.42203125,0.88984375,0.70271875,0.64034375,562845,451166,0,0,0,136,1272
35157,354.53125,0.04778125,0.07896875,0.42203125,0.88984375,0.70271875,0.64034375,562904,451107,0,0,0,281,1464
35157,354.53125,0.04778125,0.29728125,0.23490625,0.88984375,0.70271875,0.64034375,745350,268661,0,0,0,229,1200
35157,354.53125,0.04778125,0.29728125,0.42203125,0.51559375,0.70271875,0.64034375,562928,451083,0,0,0,253,1248
35157,354.53125,0.04778125,0.29728125,0.42203125,0.88984375,0.45321875,0.64034375,562989,451022,0,0,0,239,1440
35157,354.53125,0.04778125,0.29728125,0.42203125,0.88984375,0.70271875,0.26609375,233913,780098,0,0,0,229,1200
35157,354.53125,0.04778125,0.29728125,0.42203125,0.88984375,0.70271875,0.64034375,563030,450981,0,0,0,233,1704
19532,339.21875,0.98340625,0.57796875,0.73390625,0.01659375,0.95221875,0.76509375,269747,744264,0,0,0,120,1272
10157,339.21875,0.98340625,0.57796875,0.73390625,0.01659375,0.95221875,0.76509375,269727,744284,0,0,0,127,1224
19532,109.53125,0.98340625,0.57796875,0.73390625,0.01659375,0.95221875,0.76509375,269787,744224,0,0,0,153,1344
19532,339.21875,0.54678125,0.57796875,0.73390625,0.01659375,0.95221875,0.76509375,269777,744234,0,0,0,129,1296
19532,339.21875,0.98340625,0.79628125,0.73390625,0.01659375,0.95221875,0.76509375,269840,744171,0,0,0,110,1320
19532,339.21875,0.98340625,0.57796875,0.92103125,0.01659375,0.95221875,0.76509375,79998,934013,0,0,0,129,1248
19532,339.21875,0.98340625,0.57796875,0.73390625,0.39084375,0.95221875,0.76509375,269769,744242,0,0,0,118,1200
19532,339.21875,0.98340625,0.57796875,0.73390625,0.01659375,0.20371875,0.76509375,269910,744101,0,0,0,128,1248
19532,339.21875,0.98340625,0.57796875,0.73390625,0.01659375,0.95221875,0.14134375,57208,956803,0,0,0,116,1152
19532,109.53125,0.54678125,0.79628125,0.92103125,0.39084375,0.20371875,0.14134375,17000,997011,0,0,0,156,1272
10157,339.21875,0.54678125,0.79628125,0.92103125,0.39084375,0.20371875,0.14134375,17014,996997,0,0,0,148,1176
10157,109.53125,0.98340625,0.79628125,0.92103125,0.39084375,0.20371875,0.14134375,16971,997040,0,0,0,155,1392
10157,109.53125,0.54678125,0.57796875,0.92103125,0.39084375,0.20371875,0.14134375,17003,997008,0,0,0,182,1224
10157,109.53125,0.54678125,0.79628125,0.73390625,0.39084375,0.20371875,0.14134375,57231,956780,0,0,0,158,1200
10157,109.53125,0.54678125,0.79628125,0.92103125,0.01659375,0.20371875,0.14134375,16947,997064,0,0,0,162,1320
10157,109.53125,0.54678125,0.79628125,0.92103125,0.39084375,0.95221875,0.14134375,16997,997014,0,0,0,156,1344
10157,109.53125,0.54678125,0.79628125,0.92103125,0.39084375,0.20371875,0.76509375,80248,933763,0,0,0,161,1272
10157,109.53125,0.54678125,0.79628125,0.92103125,0.39084375,0.20371875,0.14134375,16963,997048,0,0,0,180,1344
13282,32.96875,0.60915625,0.70271875,0.60915625,0.39084375,0.32846875,0.39084375,232412,781599,0,0,0,228,1200
28907,32.96875,0.60915625,0.70271875,0.60915625,0.39084375,0.32846875,0.39084375,232381,781630,0,0,0,184,1536
13282,415.78125,0.60915625,0.70271875,0.60915625,0.39084375,0.32846875,0.39084375,232335,781676,0,0,0,128,1368
13282,32.96875,0.17253125,0.70271875,0.60915625,0.39084375,0.32846875,0.39084375,232225,781786,0,0,0,300,1344
13282,32.96875,0.60915625,0.92103125,0.60915625,0.39084375,0.32846875,0.39084375,232409,781602,0,0,0,204,1488
13282,32.96875,0.60915625,0.70271875,0.29728125,0.39084375,0.32846875,0.39084375,417752,596259,0,0,0,206,1224
13282,32.96875,0.60915625,0.70271875,0.60915625,0.01659375,0.32846875,0.39084375,232411,781600,0,0,0,205,1392
13282,32.96875,0.60915625,0.70271875,0.60915625,0.39084375,0.07896875,0.39084375,232368,781643,0,0,0,225,1344
13282,32.96875,0.60915625,0.70271875,0.60915625,0.39084375,0.32846875,0.01659375,9881,1004130,0,0,0,203,1224
13282,415.78125,0.17253125,0.92103125,0.29728125,0.01659375,0.07896875,0.01659375,17697,996314,0,0,0,154,1176
28907,32.96875,0.17253125,0.92103125,0.29728125,0.01659375,0.07896875,0.01659375,17727,996284,0,0,0,251,1224
28907,415.78125,0.60915625,0.92103125,0.29728125,0.01659375,0.07896875,0.01659375,17723,996288,0,0,0,112,1224
28907,415.78125,0.17253125,0.70271875,0.29728125,0.01659375,0.07896875,0.01659375,17701,996310,0,0,0,155,1200
28907,415.78125,0.17253125,0.92103125,0.60915625,0.01659375,0.07896875,0.01659375,9892,1004119,0,0,0,144,1416
28907,415.78125,0.17253125,0.92103125,0.29728125,0.39084375,0.07896875,0.01659375,17743,996268,0,0,0,138,1248
28907,415.78125,0.17253125,0.92103125,0.29728125,0.01659375,0.32846875,0.01659375,17730,996281,0,0,0,135,1128
28907,415.78125,0.17253125,0.92103125,0.29728125,0.01659375,0.07896875,0.39084375,417749,596262,0,0,0,152,1440
28907,415.78125,0.17253125,0.92103125,0.29728125,0.01659375,0.07896875,0.01659375,17715,996296,0,0,0,140,1296
38281,277.96875,0.11015625,0.20371875,0.11015625,0.88984375,0.82746875,0.88984375,902178,111833,0,0,0,224,1200
3907,277.96875,0.11015625,0.20371875,0.11015625,0.88984375,0.82746875,0.88984375,902367,111644,0,0,0,272,1368
38281,170.78125,0.11015625,0.20371875,0.11015625,0.88984375,0.82746875,0.88984375,902355,111656,0,0,0,250,1296
38281,277.96875,0.67153125,0.20371875,0.11015625,0.88984375,0.82746875,0.88984375,902270,111741,0,0,0,137,1224
38281,277.96875,0.11015625,0.42203125,0.11015625,0.88984375,0.82746875,0.88984375,902350,111661,0,0,0,180,1176
38281,277.96875,0.11015625,0.20371875,0.79628125,0.88984375,0.82746875,0.88984375,206728,807283,0,0,0,229,1248
38281,277.96875,0.11015625,0.20371875,0.11015625,0.51559375,0.82746875,0.88984375,902270,111741,0,0,0,229,1272
38281,277.96875,0.11015625,0.20371875,0.11015625,0.88984375,0.57796875,0.88984375,902381,111630,0,0,0,234,1272
38281,277.96875,0.11015625,0.20371875,0.11015625,0.88984375,0.82746875,0.51559375,697638,316373,0,0,0,209,1152
38281,170.78125,0.67153125,0.42203125,0.79628125,0.51559375,0.57796875,0.51559375,159702,854309,0,0,0,138,1176
3907,277.96875,0.67153125,0.42203125,0.79628125,0.51559375,0.57796875,0.51559375,159717,854294,0,0,0,156,1296
3907,170.78125,0.11015625,0.42203125,0.79628125,0.51559375,0.57796875,0.51559375,159636,854375,0,0,0,256,1392
3907,170.78125,0.67153125,0.20371875,0.79628125,0.51559375,0.57796875,0.51559375,159750,854261,0,0,0,202,1224
3907,170.78125,0.67153125,0.42203125,0.11015625,0.51559375,0.57796875,0.51559375,697898,316113,0,0,0,180,1200
3907,170.78125,0.67153125,0.42203125,0.79628125,0.88984375,0.57796875,0.51559375,159778,854233,0,0,0,176,1296
3907,170.78125,0.67153125,0.42203125,0.79628125,0.51559375,0.82746875,0.51559375,159849,854162,0,0,0,178,1536
3907,170.78125,0.67153125,0.42203125,0.79628125,0.51559375,0.57796875,0.88984375,206589,807422,0,0,0,186,1272
3907,170.78125,0.67153125,0.42203125,0.79628125,0.51559375,0.57796875,0.51559375,159793,854218,0,0,0,167,1560
25782,155.46875,0.85865625,0.95221875,0.35965625,0.64034375,0.07896875,0.64034375,623384,390627,0,0,0,132,1344
16407,155.46875,0.85865625,0.95221875,0.35965625,0.64034375,0.07896875,0.64034375,623661,390350,0,0,0,134,1248
25782,48.28125,0.85865625,0.95221875,0.35965625,0.64034375,0.07896875,0.64034375,623672,390339,0,0,0,159,1464
25782,155.46875,0.92103125,0.95221875,0.35965625,0.64034375,0.07896875,0.64034375,623552,390459,0,0,0,131,1224
25782,155.46875,0.85865625,0.17253125,0.35965625,0.64034375,0.07896875,0.64034375,623593,390418,0,0,0,159,1248
25782,155.46875,0.85865625,0.95221875,0.04778125,0.64034375,0.07896875,0.64034375,927468,86543,0,0,0,129,1152
25782,155.46875,0.85865625,0.95221875,0.35965625,0.26609375,0.07896875,0.64034375,623470,390541,0,0,0,130,1344
25782,155.46875,0.85865625,0.95221875,0.35965625,0.64034375,0.82746875,0.64034375,623720,390291,0,0,0,128,1248
25782,155.46875,0.85865625,0.95221875,0.35965625,0.64034375,0.07896875,0.26609375,259190,754821,0,0,0,128,1224
25782,48.28125,0.92103125,0.17253125,0.04778125,0.26609375,0.82746875,0.26609375,385296,628715,0,0,0,203,1272
16407,155.46875,0.92103125,0.17253125,0.04778125,0.26609375,0.82746875,0.26609375,385370,628641,0,0,0,179,1248
16407,48.28125,0.85865625,0.17253125,0.04778125,0.26609375,0.82746875,0.26609375,385367,628644,0,0,0,228,1320
16407,48.28125,0.92103125,0.95221875,0.04778125,0.26609375,0.82746875,0.26609375,385420,628591,0,0,0,161,1248
16407,48.28125,0.92103125,0.17253125,0.35965625,0.26609375,0.82746875,0.26609375,259271,754740,0,0,0,226,1224
16407,48.28125,0.92103125,0.17253125,0.04778125,0.64034375,0.82746875,0.26609375,385353,628658,0,0,0,225,1176
16407,48.28125,0.92103125,0.17253125,0.04778125,0.26609375,0.07896875,0.26609375,385371,628640,0,0,0,229,1320
16407,48.28125,0.92103125,0.17253125,0.04778125,0.26609375,0.82746875,0.64034375,927339,86672,0,0,0,224,1416
16407,48.28125,0.92103125,0.17253125,0.04778125,0.26609375,0.82746875,0.26609375,385501,628510,0,0,0,231,1344
782,400.46875,0.35965625,0.45321875,0.85865625,0.14134375,0.57796875,0.14134375,30458,983553,0,0,0,183,1272
41406,400.46875,0.35965625,0.45321875,0.85865625,0.14134375,0.57796875,0.14134375,30392,983619,0,0,0,137,1200
782,293.28125,0.35965625,0.45321875,0.85865625,0.14134375,0.57796875,0.14134375,30408,983603,0,0,0,204,1464
782,400.46875,0.42203125,0.45321875,0.85865625,0.14134375,0.57796875,0.14134375,30401,983610,0,0,0,186,1320
782,400.46875,0.35965625,0.67153125,0.85865625,0.14134375,0.57796875,0.14134375,30404,983607,0,0,0,181,1272
782,400.46875,0.35965625,0.45321875,0.54678125,0.14134375,0.57796875,0.14134375,97440,916571,0,0,0,181,1296
782,400.46875,0.35965625,0.45321875,0.85865625,0.76509375,0.57796875,0.14134375,30393,983618,0,0,0,194,1392
782,400.46875,0.35965625,0.45321875,0.85865625,0.14134375,0.32846875,0.14134375,30449,983562,0,0,0,181,1200
782,400.46875,0.35965625,0.45321875,0.85865625,0.14134375,0.57796875,0.76509375,143253,870758,0,0,0,185,1848
782,293.28125,0.42203125,0.67153125,0.54678125,0.76509375,0.32846875,0.76509375,459585,554426,0,0,0,180,1152
41406,400.46875,0.42203125,0.67153125,0.54678125,0.76509375,0.32846875,0.76509375,459727,554284,0,0,0,131,1176
41406,293.28125,0.35965625,0.67153125,0.54678125,0.76509375,0.32846875,0.76509375,459360,554651,0,0,0,136,1176
41406,293.28125,0.42203125,0.45321875,0.54678125,0.76509375,0.32846875,0.76509375,459523,554488,0,0,0,136,1224
41406,293.28125,0.42203125,0.67153125,0.85865625,0.76509375,0.32846875,0.76509375,143366,870645,0,0,0,131,1152
41406,293.28125,0.42203125,0.67153125,0.54678125,0.14134375,0.32846875,0.76509375,459507,554504,0,0,0,136,1344
41406,293.28125,0.42203125,0.67153125,0.54678125,0.76509375,0.57796875,0.76509375,459684,554327,0,0,0,133,1392
41406,293.28125,0.42203125,0.67153125,0.54678125,0.76509375,0.32846875,0.14134375,97450,916561,0,0,0,132,1152
41406,293.28125,0.42203125,0.67153125,0.54678125,0.76509375,0.32846875,0.76509375,459613,554398,0,0,0,132,1200
